"method","p","n","runtime","SHD","TPR","FPR","precision","recall","F1"
"iterative",40,500,13.72,15,0.745026525198939,0.00951576352204745,0.649372586872586,0.745026525198939,0.692760942760942
