"method","runtime","status","error","SHD","TPR","FPR","precision","recall","F1","p","n","expected_degree","seed","mcmc_steps","burnin"
"iterative",4.94,"success",NA,20,0.586206896551724,0.0130633572828217,0.459459459459459,0.586206896551724,0.515151515151515,40,500,2,1,500,100
"iterative",22.5,"success",NA,10,0.903846153846154,0.00596816976127321,0.839285714285714,0.903846153846154,0.87037037037037,40,500,2,2,500,100
