"method","p","n","runtime","SHD","TPR","FPR","precision","recall","F1"
"manual_order",8,120,2.71,4.5,0.675,0.0643115942028985,0.675,0.675,0.675
"manual_partition",8,120,2.99,4.5,0.675,0.0643115942028985,0.675,0.675,0.675
"manual_structure",8,120,0.59,7,0.5,0.106884057971014,0.477272727272727,0.5,0.488095238095238
