"implementation","method","score","K","p","n","mcmc_steps","burnin","runtime","SHD","TPR","FPR","precision","recall","F1"
"BiDAG","order","BGe","N/A",8,120,1500,300,0.650000000000002,2.5,0.725,0.0425724637681159,0.763888888888889,0.725,0.743421052631579
"BiDAG","partition","BGe","N/A",8,120,1500,300,2.875,1.5,0.8375,0.021286231884058,0.881944444444444,0.8375,0.858552631578947
"manual","manual_order","Gaussian BIC","2",8,120,1500,300,3.15,4.5,0.675,0.0643115942028985,0.675,0.675,0.675
"manual","manual_order","Gaussian BIC","3",8,120,1500,300,5.195,2,0.85,0.0326086956521739,0.85,0.85,0.85
"manual","manual_partition","Gaussian BIC","2",8,120,1500,300,3.36,5.5,0.575,0.0860507246376812,0.575,0.575,0.575
"manual","manual_partition","Gaussian BIC","3",8,120,1500,300,5.66,2,0.85,0.0326086956521739,0.85,0.85,0.85
"manual","manual_structure","Gaussian BIC","2",8,120,1500,300,0.680000000000001,8,0.5,0.128170289855072,0.430555555555556,0.5,0.462566844919786
