"method","p","n","runtime","SHD","TPR","FPR","precision","recall","F1"
"order",30,500,1.08,14,0.719772403982931,0.0155300663155979,0.632608695652174,0.719772403982931,0.672227371022552
"partition",30,500,2.875,5,0.801564722617354,0.00592622477898327,0.789473684210526,0.801564722617354,0.795438596491228
