"method","runtime","status","error","SHD","TPR","FPR","precision","recall","F1","p","n","expected_degree","seed","mcmc_steps","burnin"
"order",0.53,"success",NA,2,0.875,0.0416666666666667,0.777777777777778,0.875,0.823529411764706,8,100,2,1,500,100
"partition",2.02,"success",NA,2,0.875,0.0416666666666667,0.777777777777778,0.875,0.823529411764706,8,100,2,1,500,100
